-- Wstawianie rekordów do tabeli AdresINSERT INTO Adres (ulica, kod_pocztowy, miasto, nr_domu) VALUES('Main St', '00-001', 'Warsaw', '1A'),('Second St', '00-002', 'Krakow', '2B'),('Third St', '00-003', 'Gdansk', '3C'),('Fourth St', '00-004', 'Wroclaw', '4D'),('Fifth St', '00-005', 'Poznan', '5E'),('Sixth St', '00-006', 'Lodz', '6F'),('Seventh St', '00-007', 'Szczecin', '7G'),('Eighth St', '00-008', 'Bydgoszcz', '8H'),('Ninth St', '00-009', 'Lublin', '9I'),('Tenth St', '00-010', 'Katowice', '10J'),('Eleventh St', '00-011', 'Gdynia', '11K'),('Twelfth St', '00-012', 'Rzeszow', '12L'),('Thirteenth St', '00-013', 'Torun', '13M'),('Fourteenth St', '00-014', 'Opole', '14N'),('Fifteenth St', '00-015', 'Bialystok', '15O');-- Wstawianie rekordów do tabeli KlientINSERT INTO Klient (idAdres, imie, nazwisko, email, nr_telefonu) VALUES(1, 'Jan', 'Kowalski', 'jan.kowalski@example.com', '123456789'),(2, 'Anna', 'Nowak', 'anna.nowak@example.com', '987654321'),(3, 'Piotr', 'WiÊniewski', 'piotr.wisniewski@example.com', '234567890'),(4, 'Katarzyna', 'Wójcik', 'katarzyna.wojcik@example.com', '345678901'),(5, 'Tomasz', 'Kamiƒski', 'tomasz.kaminski@example.com', '456789012'),(6, 'Agnieszka', 'Lewandowska', 'agnieszka.lewandowska@example.com', '567890123'),(7, 'Marek', 'Zieliƒski', 'marek.zielinski@example.com', '678901234'),(8, 'Monika', 'Szymaƒska', 'monika.szymanska@example.com', '789012345'),(9, 'Jacek', 'Woêniak', 'jacek.wozniak@example.com', '890123456'),(10, 'Magdalena', 'Dàbrowska', 'magdalena.dabrowska@example.com', '901234567'),(11, 'Karol', 'Czarnecki', 'karol.czarnecki@example.com', '123123123'),(12, 'Marta', 'Zawadzka', 'marta.zawadzka@example.com', '321321321'),(13, 'Roman', 'Kwiatkowski', 'roman.kwiatkowski@example.com', '231231231'),(14, 'Natalia', 'Sobczak', 'natalia.sobczak@example.com', '312312312'),(15, 'Wojciech', 'Pawlak', 'wojciech.pawlak@example.com', '213213213');-- Wstawianie rekordów do tabeli KategoriaINSERT INTO Kategoria (nazwa_kategorii) VALUES('Main Course'),('Appetizer'),('Dessert'),('Beverage'),('Side Dish');-- Wstawianie rekordów do tabeli MenuINSERT INTO Menu (idKategoria, nazwa, opis, cena, dostepnosc) VALUES(1, 'Pizza', 'Cheese Pizza', 9.99, true),(2, 'Burger', 'Beef Burger', 7.99, true),(1, 'Pasta', 'Spaghetti Bolognese', 8.99, true),(3, 'Salad', 'Caesar Salad', 5.99, true),(2, 'Fries', 'French Fries', 2.99, true),(3, 'Ice Cream', 'Vanilla Ice Cream', 3.50, true),(4, 'Cola', 'Coca Cola', 1.99, true),(4, 'Water', 'Mineral Water', 1.00, true),(5, 'Garlic Bread', 'Garlic Bread with Cheese', 4.00, true),(5, 'Soup', 'Tomato Soup', 3.00, true),(1, 'Steak', 'Grilled Steak', 12.99, true),(2, 'Sandwich', 'Ham Sandwich', 4.50, true),(3, 'Cake', 'Chocolate Cake', 4.99, true),(4, 'Juice', 'Orange Juice', 2.50, true),(5, 'Nachos', 'Cheese Nachos', 5.50, true);-- Wstawianie rekordów do tabeli ZamowienieINSERT INTO Zamowienie (idKlient, data_zamowienia, status_2, laczna_kwota) VALUES(1, '2024-01-01', true, 19.98),(2, '2024-01-02', false, 15.98),(3, '2024-01-03', true, 8.99),(4, '2024-01-04', false, 23.97),(5, '2024-01-05', true, 14.98),(6, '2024-01-06', true, 11.99),(7, '2024-01-07', false, 21.98),(8, '2024-01-08', true, 10.99),(9, '2024-01-09', false, 12.99),(10, '2024-01-10', true, 18.98),(11, '2024-01-11', true, 25.98),(12, '2024-01-12', false, 17.99),(13, '2024-01-13', true, 11.49),(14, '2024-01-14', false, 24.50),(15, '2024-01-15', true, 22.30);-- Wstawianie rekordów do tabeli Pozycja_ZamowieniaINSERT INTO Pozycja_Zamowienia (idZamowienie, idMenu, ilosc, cena_pozycji) VALUES(1, 1, 2, 19.98),(2, 2, 2, 15.98),(3, 3, 1, 8.99),(4, 4, 4, 23.97),(5, 5, 5, 14.98),(6, 6, 1, 11.99),(7, 7, 3, 21.98),(8, 8, 2, 10.99),(9, 9, 3, 12.99),(10, 10, 2, 18.98),(11, 11, 2, 25.98),(12, 12, 1, 17.99),(13, 13, 3, 11.49),(14, 14, 2, 24.50),(15, 15, 1, 22.30);-- Wstawianie rekordów do tabeli RecenzjaINSERT INTO Recenzja (idMenu, idKlient, idKategoria, ocena, tresc) VALUES(1, 1, 1, 5, 'Excellent!'),(2, 2, 2, 4, 'Very good'),(3, 3, 1, 3, 'Good'),(4, 4, 3, 2, 'Fair'),(5, 5, 2, 1, 'Poor'),(6, 6, 1, 5, 'Amazing!'),(7, 7, 4, 4, 'Refreshing'),(8, 8, 4, 5, 'Pure and clean'),(9, 9, 5, 3, 'Average'),(10, 10, 5, 2, 'Not great'),(11, 11, 1, 5, 'Delicious'),(12, 12, 2, 4, 'Tasty'),(13, 13, 3, 5, 'Superb'),(14, 14, 4, 4, 'Nice'),(15, 15, 5, 3, 'Okay');-- Wstawianie rekordów do tabeli DostawcaINSERT INTO Dostawca (idAdres, nazwa_firmy, kontakt_telefon, email) VALUES(1, 'Supplier 1', '111111111', 'supplier1@example.com'),(2, 'Supplier 2', '222222222', 'supplier2@example.com'),(3, 'Supplier 3', '333333333', 'supplier3@example.com'),(4, 'Supplier 4', '444444444', 'supplier4@example.com'),(5, 'Supplier 5', '555555555', 'supplier5@example.com'),(6, 'Supplier 6', '666666666', 'supplier6@example.com'),(7, 'Supplier 7', '777777777', 'supplier7@example.com'),(8, 'Supplier 8', '888888888', 'supplier8@example.com'),(9, 'Supplier 9', '999999999', 'supplier9@example.com'),(10, 'Supplier 10', '000000000', 'supplier10@example.com');-- Wstawianie rekordów do tabeli ZapotrzebowanieINSERT INTO Zapotrzebowanie (ilosc, data_zapotrzebowania) VALUES(100, '2024-01-01'),(200, '2024-01-02'),(300, '2024-01-03'),(400, '2024-01-04'),(500, '2024-01-05'),(600, '2024-01-06'),(700, '2024-01-07'),(800, '2024-01-08'),(900, '2024-01-09'),(1000, '2024-01-10');-- Wstawianie rekordów do tabeli SkladnikINSERT INTO Skladnik (idDostawca, idZapotrzebowanie, nazwa) VALUES(1, 1, 'Tomato'),(2, 2, 'Cheese'),(3, 3, 'Beef'),(4, 4, 'Lettuce'),(5, 5, 'Bread'),(6, 6, 'Chicken'),(7, 7, 'Onion'),(8, 8, 'Garlic'),(9, 9, 'Mushroom'),(10, 10, 'Pepper');-- Wstawianie rekordów do tabeli PracownikINSERT INTO Pracownik (idAdres, imie, nazwisko, stanowisko, data_zatrudnienia) VALUES(1, 'Adam', 'Smith', 'Manager', '2024-01-01'),(2, 'Ewa', 'Johnson', 'Cook', '2024-01-02'),(3, 'Marcin', 'Brown', 'Waiter', '2024-01-03'),(4, 'Olga', 'Jones', 'Cashier', '2024-01-04'),(5, 'Pawel', 'Davis', 'Cleaner', '2024-01-05'),(6, 'Michal', 'Taylor', 'Chef', '2024-01-06'),(7, 'Patrycja', 'Miller', 'Sous Chef', '2024-01-07'),(8, 'Natalia', 'Wilson', 'Hostess', '2024-01-08'),(9, 'Tomasz', 'Moore', 'Bartender', '2024-01-09'),(10, 'Wojciech', 'Anderson', 'Dishwasher', '2024-01-10'),(11, 'Micha∏', 'Kowalczyk', 'Manager', '2024-01-11'),(12, 'Alicja', 'Lewicka', 'Cook', '2024-01-12'),(13, 'Sebastian', 'Nowicki', 'Waiter', '2024-01-13'),(14, 'Joanna', 'Zalewska', 'Cashier', '2024-01-14'),(15, 'Rafa∏', 'Sikora', 'Cleaner', '2024-01-15');-- Wstawianie rekordów do tabeli Przydzial_PersoneluINSERT INTO Przydzial_Personelu (idPracownik, idZamowienie, data_przydzialu, role) VALUES(1, 1, '2024-01-01', 'Manager'),(2, 2, '2024-01-02', 'Cook'),(3, 3, '2024-01-03', 'Waiter'),(4, 4, '2024-01-04', 'Cashier'),(5, 5, '2024-01-05', 'Cleaner'),(6, 6, '2024-01-06', 'Chef'),(7, 7, '2024-01-07', 'Sous Chef'),(8, 8, '2024-01-08', 'Hostess'),(9, 9, '2024-01-09', 'Bartender'),(10, 10, '2024-01-10', 'Dishwasher'),(11, 11, '2024-01-11', 'Manager'),(12, 12, '2024-01-12', 'Cook'),(13, 13, '2024-01-13', 'Waiter'),(14, 14, '2024-01-14', 'Cashier'),(15, 15, '2024-01-15', 'Cleaner');-- Wstawianie rekordów do tabeli PromocjaINSERT INTO Promocja (nazwa, opis, data_rozpoczecia, data_zakonczenia, procent_znizki) VALUES('Summer Sale', 'Discount on summer items', '2024-06-01', '2024-06-30', 10.00),('Winter Sale', 'Discount on winter items', '2024-12-01', '2024-12-31', 15.00),('Spring Sale', 'Discount on spring items', '2024-03-01', '2024-03-31', 20.00),('Autumn Sale', 'Discount on autumn items', '2024-09-01', '2024-09-30', 25.00),('New Year Sale', 'Discount on all items', '2024-01-01', '2024-01-10', 30.00);-- Wstawianie rekordów do tabeli Promocje_MenuINSERT INTO Promocje_Menu (idMenu, idPromocja) VALUES(1, 1),(2, 2),(3, 3),(4, 4),(5, 5),(6, 1),(7, 2),(8, 3),(9, 4),(10, 5);